{
	"name": "villagehorizons:village/plains/village_street",
	"fallback": "minecraft:empty",
	"elements":[
		{
			"weight": 4,
			"element": {
				"processors": "minecraft:empty",
				"projection": "terrain_matching",
				"element_type": "minecraft:legacy_single_pool_element",
				"location": "villagehorizons:village/plains/terminators/road_terminators_001"
			}
		},
		{
			"weight": 4,
			"element": {
				"processors": "minecraft:empty",
				"projection": "terrain_matching",
				"element_type": "minecraft:legacy_single_pool_element",
				"location": "villagehorizons:village/plains/terminators/road_terminators_002"
			}
		},
		{
			"weight": 4,
			"element": {
				"processors": "minecraft:empty",
				"projection": "terrain_matching",
				"element_type": "minecraft:legacy_single_pool_element",
				"location": "villagehorizons:village/plains/terminators/road_terminators_003"
			}
		},
		{
			"weight": 4,
			"element": {
				"processors": "minecraft:empty",
				"projection": "terrain_matching",
				"element_type": "minecraft:legacy_single_pool_element",
				"location": "villagehorizons:village/plains/terminators/road_terminators_004"
			}
		}
	]
}