{
	"name": "villagehorizons:village/plains/village_building",
	"fallback": "minecraft:empty",
	"elements":[
		{
			"weight": 1,
			"element": {
				"processors": "minecraft:empty",
				"projection": "rigid",
				"element_type": "minecraft:single_pool_element",
				"location": "villagehorizons:village/plains/houses/build_big_001"
			}
		},
		{
			"weight": 100,
			"element": {
				"processors": "minecraft:empty",
				"projection": "rigid",
				"element_type": "minecraft:single_pool_element",
				"location": "villagehorizons:village/plains/houses/build_big_001_part2"
			}
		},
		{
			"weight": 15,
			"element": {
				"processors": "minecraft:empty",
				"projection": "rigid",
				"element_type": "minecraft:single_pool_element",
				"location": "villagehorizons:village/plains/houses/build_small_001"
			}
		},
		{
			"weight": 15,
			"element": {
				"processors": "minecraft:empty",
				"projection": "rigid",
				"element_type": "minecraft:single_pool_element",
				"location": "villagehorizons:village/plains/houses/build_small_002"
			}
		},
		{
			"weight": 8,
			"element": {
				"processors": "minecraft:empty",
				"projection": "rigid",
				"element_type": "minecraft:single_pool_element",
				"location": "villagehorizons:village/plains/houses/build_small_003"
			}
		},
		{
			"weight": 15,
			"element": {
				"processors": "minecraft:empty",
				"projection": "rigid",
				"element_type": "minecraft:single_pool_element",
				"location": "villagehorizons:village/plains/houses/build_small_004"
			}
		},
		{
			"weight": 20,
			"element": {
				"processors": "minecraft:empty",
				"projection": "rigid",
				"element_type": "minecraft:single_pool_element",
				"location": "villagehorizons:village/plains/houses/build_middle_001"
			}
		},
		{
			"weight": 20,
			"element": {
				"processors": "minecraft:empty",
				"projection": "rigid",
				"element_type": "minecraft:single_pool_element",
				"location": "villagehorizons:village/plains/houses/build_middle_002"
			}
		},
		{
			"weight": 20,
			"element": {
				"processors": "minecraft:empty",
				"projection": "rigid",
				"element_type": "minecraft:single_pool_element",
				"location": "villagehorizons:village/plains/houses/build_middle_003"
			}
		},
		{
			"weight": 20,
			"element": {
				"processors": "minecraft:empty",
				"projection": "rigid",
				"element_type": "minecraft:single_pool_element",
				"location": "villagehorizons:village/plains/houses/build_middle_004"
			}
		},
		{
			"weight": 20,
			"element": {
				"processors": "minecraft:empty",
				"projection": "rigid",
				"element_type": "minecraft:single_pool_element",
				"location": "villagehorizons:village/plains/houses/build_middle_005"
			}
		},
		{
			"weight": 20,
			"element": {
				"processors": "minecraft:empty",
				"projection": "rigid",
				"element_type": "minecraft:single_pool_element",
				"location": "villagehorizons:village/plains/houses/build_middle_006"
			}
		},
		{
			"weight": 20,
			"element": {
				"processors": "minecraft:empty",
				"projection": "rigid",
				"element_type": "minecraft:single_pool_element",
				"location": "villagehorizons:village/plains/houses/build_middle_007"
			}
		},
		{
			"weight": 20,
			"element": {
				"processors": "minecraft:empty",
				"projection": "rigid",
				"element_type": "minecraft:single_pool_element",
				"location": "villagehorizons:village/plains/houses/build_middle_008"
			}
		},
		{
			"weight": 20,
			"element": {
				"processors": "minecraft:empty",
				"projection": "rigid",
				"element_type": "minecraft:single_pool_element",
				"location": "villagehorizons:village/plains/houses/build_middle_009"
			}
		},
		{
			"weight": 20,
			"element": {
				"processors": "minecraft:empty",
				"projection": "rigid",
				"element_type": "minecraft:single_pool_element",
				"location": "villagehorizons:village/plains/houses/build_middle_010"
			}
		},
		{
			"weight": 20,
			"element": {
				"processors": "minecraft:empty",
				"projection": "rigid",
				"element_type": "minecraft:single_pool_element",
				"location": "villagehorizons:village/plains/houses/build_middle_011"
			}
		},
		{
			"weight": 10,
			"element": {
				"processors": "minecraft:empty",
				"projection": "rigid",
				"element_type": "minecraft:single_pool_element",
				"location": "villagehorizons:village/plains/streets/road_end_001"
			}
		}
	]
}