{
	"name": "villagehorizons:village/plains/village_center",
	"fallback": "minecraft:empty",
	"elements":[
		{
			"weight": 5,
			"element": {
				"processors": "minecraft:empty",
				"projection": "rigid",
				"element_type": "minecraft:single_pool_element",
				"location": "villagehorizons:village/plains/centers/center_001"
			}
		},
		{
			"weight": 5,
			"element": {
				"processors": "minecraft:empty",
				"projection": "rigid",
				"element_type": "minecraft:single_pool_element",
				"location": "villagehorizons:village/plains/centers/center_002"
			}
		}
	]
}