{
	"name": "villagehorizons:village/plains/village_street",
	"fallback": "villagehorizons:village/plains/village_terminators",
	"elements":[
		{
			"weight": 15,
			"element": {
				"processors": "minecraft:empty",
				"projection": "terrain_matching",
				"element_type": "minecraft:legacy_single_pool_element",
				"location": "villagehorizons:village/plains/streets/road_band_001"
			}
		},
		{
			"weight": 10,
			"element": {
				"processors": "minecraft:empty",
				"projection": "terrain_matching",
				"element_type": "minecraft:legacy_single_pool_element",
				"location": "villagehorizons:village/plains/streets/road_ten_001"
			}
		},
		{
			"weight": 13,
			"element": {
				"processors": "minecraft:empty",
				"projection": "terrain_matching",
				"element_type": "minecraft:legacy_single_pool_element",
				"location": "villagehorizons:village/plains/streets/road_straight_001"
			}
		},
		{
			"weight": 10,
			"element": {
				"processors": "minecraft:empty",
				"projection": "terrain_matching",
				"element_type": "minecraft:legacy_single_pool_element",
				"location": "villagehorizons:village/plains/streets/road_straight_002"
			}
		},
		{
			"weight": 9,
			"element": {
				"processors": "minecraft:empty",
				"projection": "terrain_matching",
				"element_type": "minecraft:legacy_single_pool_element",
				"location": "villagehorizons:village/plains/streets/road_straight_003"
			}
		},
		{
			"weight": 15,
			"element": {
				"processors": "minecraft:empty",
				"projection": "terrain_matching",
				"element_type": "minecraft:legacy_single_pool_element",
				"location": "villagehorizons:village/plains/streets/road_straight_004"
			}
		},
		{
			"weight": 1,
			"element": {
				"processors": "minecraft:empty",
				"projection": "terrain_matching",
				"element_type": "minecraft:legacy_single_pool_element",
				"location": "villagehorizons:village/plains/terminators/road_terminators_001"
			}
		},
		{
			"weight": 2,
			"element": {
				"processors": "minecraft:empty",
				"projection": "terrain_matching",
				"element_type": "minecraft:legacy_single_pool_element",
				"location": "villagehorizons:village/plains/terminators/road_terminators_002"
			}
		},
		{
			"weight": 2,
			"element": {
				"processors": "minecraft:empty",
				"projection": "terrain_matching",
				"element_type": "minecraft:legacy_single_pool_element",
				"location": "villagehorizons:village/plains/terminators/road_terminators_003"
			}
		},
		{
			"weight": 1,
			"element": {
				"processors": "minecraft:empty",
				"projection": "terrain_matching",
				"element_type": "minecraft:legacy_single_pool_element",
				"location": "villagehorizons:village/plains/terminators/road_terminators_004"
			}
		}
	]
}